n_rows,ChromaDB - instantiation,ChromaDB - query,ChromaDB - query with metadata,NumpyBasedPolarsVectorStore - instantiation,NumpyBasedPolarsVectorStore - query,NumpyBasedPolarsVectorStore - query with metadata,PolarsArgPartitionVectorStore - instantiation,PolarsArgPartitionVectorStore - query,PolarsArgPartitionVectorStore - query with metadata,PolarsTopKVectorStore - instantiation,PolarsTopKVectorStore - query,PolarsTopKVectorStore - query with metadata
500,0.32609,0.011378014999991137,0.026956219999988207,0.00002,0.002754340000024058,0.009775235000006433,0.00001,0.009162220000007437,0.01009497100005774,0.00002,0.008448378000025514,0.009486164999998437
1000,0.57577,0.01155844300001263,0.03784816799998225,0.00002,0.0029442950000202472,0.015337654999939332,0.00001,0.014747543999988011,0.015678831999935028,0.00002,0.013993476999985432,0.015229943999997886
10000,6.71777,0.012001440000062757,0.267774591000034,0.00004,0.006496866000020418,0.10686658600002374,0.00002,0.125843042999918,0.10967940599994108,0.00002,0.12439534099996763,0.10872726800005239
50000,39.52662,0.01206495700000687,1.359060392999936,0.00002,0.022296670999935486,0.5363795419999633,0.00002,0.5781438290000551,0.555921718000036,0.00002,0.5745289630000343,0.5516377039999725
