n_rows,ChromaDB - instantiation,ChromaDB - query,ChromaDB - query 1 metadata,ChromaDB - query all (3) metadata,NumpyBasedPolarsVectorStore - instantiation,NumpyBasedPolarsVectorStore - query,NumpyBasedPolarsVectorStore - query 1 metadata,NumpyBasedPolarsVectorStore - query all (3) metadata,PolarsArgPartitionVectorStore - instantiation,PolarsArgPartitionVectorStore - query,PolarsArgPartitionVectorStore - query 1 metadata,PolarsArgPartitionVectorStore - query all (3) metadata,PolarsTopKVectorStore - instantiation,PolarsTopKVectorStore - query,PolarsTopKVectorStore - query 1 metadata,PolarsTopKVectorStore - query all (3) metadata
500,0.85439,0.011563254999998662,0.0258649160000175,0.027047619000001077,0.00002,0.010031260999994629,0.01795608700001594,0.018797175999992533,0.00003,0.010534562999993113,0.011048442000003433,0.011407314999985374,0.00002,0.009639230000004773,0.010379361000019571,0.010616169000002174
1000,0.54948,0.011583412999982556,0.0371556180000141,0.037285471999979336,0.00002,0.015137847999994847,0.028191896999999244,0.028763851999997314,0.00002,0.01579132799997751,0.016412274999993315,0.016557998000024554,0.00002,0.014987034999990101,0.0157740090000118,0.01601902400000199
10000,6.51407,0.011990701000001991,0.26101388600000064,0.26445220700000505,0.00002,0.11094972199998665,0.21985331299998734,0.21897722199997816,0.00004,0.12836299199997825,0.12063224599998534,0.11839352000001213,0.00004,0.12686674299999368,0.11990754599997899,0.11759745800000587
50000,33.06543,0.012226448999996364,1.2824735820000228,1.3420322399999804,0.00002,0.5364440700000159,1.1048559080000189,1.1003459089999978,0.00005,0.6174007349999897,0.6128763289999881,0.5914688640000065,0.00003,0.6167802040000083,0.6114113799999927,0.587966047000009
