n_rows,ChromaDB - instantiation,ChromaDB - query,ChromaDB - query 1 metadata,ChromaDB - query all (3) metadata,NumpyBasedPolarsVectorStore - instantiation,NumpyBasedPolarsVectorStore - query,NumpyBasedPolarsVectorStore - query 1 metadata,NumpyBasedPolarsVectorStore - query all (3) metadata,PolarsArgPartitionVectorStore - instantiation,PolarsArgPartitionVectorStore - query,PolarsArgPartitionVectorStore - query 1 metadata,PolarsArgPartitionVectorStore - query all (3) metadata,PolarsTopKVectorStore - instantiation,PolarsTopKVectorStore - query,PolarsTopKVectorStore - query 1 metadata,PolarsTopKVectorStore - query all (3) metadata
500,0.51482,0.013977744999920105,0.028685377000101653,0.02951916799997889,0.00002,0.04038098099999843,0.07893250600000101,0.07927591099996789,0.00004,0.04494022699986999,0.04468969799995648,0.043344600000182254,0.00003,0.04465305899998384,0.04375585899992984,0.043001187000072605
1000,1.06642,0.014502441999866278,0.04086595900002976,0.04172903500011671,0.00003,0.07586914200010142,0.15300807800008442,0.1481776709999849,0.00003,0.08513233200005743,0.08412177999980486,0.08011860800002069,0.00003,0.0839505609999378,0.08311651999997594,0.08033414200008338
10000,12.81953,0.015970965999940745,0.2571528280000166,0.2689337010001509,0.00002,0.717481651000071,1.4842562220001128,1.4629076610001448,0.00004,0.8653076479999982,0.8409270649999598,0.803816968000092,0.00004,0.8639500969998153,0.8390513629999532,0.7963458520000586
50000,78.46012,0.01811367400000563,1.3021272799999224,1.3559440020001148,0.00003,3.56223388300009,7.572490671999958,7.374103649000062,0.00004,4.293303030000061,4.181085975000087,3.9314042030000564,0.00003,4.2587802250000095,4.141758385000003,3.9130278579998503
