n_rows,ChromaDB - instantiation,ChromaDB - query,ChromaDB - query 1 metadata,ChromaDB - query all (3) metadata,NumpyBasedPolarsVectorStore - instantiation,NumpyBasedPolarsVectorStore - query,NumpyBasedPolarsVectorStore - query 1 metadata,NumpyBasedPolarsVectorStore - query all (3) metadata,PolarsArgPartitionVectorStore - instantiation,PolarsArgPartitionVectorStore - query,PolarsArgPartitionVectorStore - query 1 metadata,PolarsArgPartitionVectorStore - query all (3) metadata,PolarsTopKVectorStore - instantiation,PolarsTopKVectorStore - query,PolarsTopKVectorStore - query 1 metadata,PolarsTopKVectorStore - query all (3) metadata
500,0.53473,0.013687023000102272,0.028427370999906998,0.02929466099999445,0.00002,0.003170705000002272,0.041521163999959754,0.04177006700001584,0.00002,0.04461391299992101,0.04469814999993105,0.04350004599996282,0.00001,0.04382071100008034,0.0438086160002058,0.04227670600016609
1000,1.11164,0.014109576999999263,0.04021583999997347,0.04145779600003152,0.00002,0.003915907999953561,0.07757573200001389,0.0775682890000553,0.00001,0.08581043799995314,0.08644945300011386,0.08315064099997471,0.00002,0.085151666999991,0.08249617500018758,0.07965758699992875
10000,16.41211,0.01612744300018676,0.2568777859999045,0.26576606699995864,0.00002,0.01799823600003947,0.9840806070001236,0.8800239810000221,0.00002,1.1440416109999205,1.0908148989999518,0.9726860640000723,0.00002,1.152164816000095,1.0957312700002149,0.9750765960000081
50000,112.01172,0.016983129999971425,1.2993890669999928,1.3492083730000104,0.00002,0.076877948000174,4.807579711000017,4.4408626710001045,0.00002,5.1820769949999885,4.892063366000002,4.447560719999956,0.00002,5.179209662999938,4.912420000999873,4.419849264999812
