n_rows,ChromaDB - instantiation,ChromaDB - query,ChromaDB - query 1 metadata,ChromaDB - query all (3) metadata,NumpyBasedPolarsVectorStore - instantiation,NumpyBasedPolarsVectorStore - query,NumpyBasedPolarsVectorStore - query 1 metadata,NumpyBasedPolarsVectorStore - query all (3) metadata,PolarsArgPartitionVectorStore - instantiation,PolarsArgPartitionVectorStore - query,PolarsArgPartitionVectorStore - query 1 metadata,PolarsArgPartitionVectorStore - query all (3) metadata,PolarsTopKVectorStore - instantiation,PolarsTopKVectorStore - query,PolarsTopKVectorStore - query 1 metadata,PolarsTopKVectorStore - query all (3) metadata
500,0.45203,0.013413071000002219,0.02861051400003589,0.029755136999995102,0.00003,0.03685962700001255,0.0715450029999829,0.07419501200001832,0.00003,0.04245011299997259,0.041951567000012346,0.04143561800003681,0.00005,0.041884133999985806,0.04105851999997867,0.04031893199999104
1000,0.8882,0.014232805999995435,0.042779300000006515,0.04466255599999158,0.00003,0.06865177999998195,0.13547856799999636,0.1349875380000185,0.00003,0.07685643700000355,0.07528096799995865,0.07306886200001372,0.00004,0.07506351400002131,0.07419368500001156,0.07039869999999837
10000,11.25753,0.015186353999979474,0.2734114820000286,0.2733108550000338,0.00003,0.6152194919999943,1.2759410639999942,1.260128260999977,0.00003,0.7236248620000083,0.708883883999988,0.6771236630000317,0.00003,0.7208381700000359,0.7112971419999781,0.6771697030000041
50000,66.28922,0.015408763000039016,1.2801971590000107,1.330391746000032,0.00002,3.0010904700000083,6.337281028999996,6.169024604000015,0.00003,3.536827866000067,3.5106620839999323,3.2884840189999522,0.00003,3.532460889000049,3.517018768000071,3.299559380000005
