n_rows,ChromaDB - instantiation,ChromaDB - query,ChromaDB - query 1 metadata,ChromaDB - query all (3) metadata,NumpyBasedPolarsVectorStore - instantiation,NumpyBasedPolarsVectorStore - query,NumpyBasedPolarsVectorStore - query 1 metadata,NumpyBasedPolarsVectorStore - query all (3) metadata,PolarsArgPartitionVectorStore - instantiation,PolarsArgPartitionVectorStore - query,PolarsArgPartitionVectorStore - query 1 metadata,PolarsArgPartitionVectorStore - query all (3) metadata,PolarsTopKVectorStore - instantiation,PolarsTopKVectorStore - query,PolarsTopKVectorStore - query 1 metadata,PolarsTopKVectorStore - query all (3) metadata
500,0.36624,0.012205542000003788,0.026079802000026575,0.027975351999998566,0.00002,0.020755386000018916,0.03936614000002692,0.03968812799996613,0.00003,0.022280629000022145,0.02240014900002052,0.022627171999999973,0.00003,0.02172840800000131,0.0219077319999883,0.021778061000020443
1000,0.68945,0.01229102199999943,0.03853361599999516,0.03907093699996267,0.00002,0.03641106899999613,0.07126018799999656,0.0718749029999799,0.00003,0.04044344400000455,0.04067899500000749,0.03992595300002222,0.00003,0.039620754999987184,0.03944936499999585,0.03885520199997927
10000,7.96801,0.013341424999964602,0.26195700699997815,0.2662995439999918,0.00003,0.3148472860000311,0.6477878069999861,0.6302164080000239,0.00004,0.3732573130000105,0.3667553320000252,0.3420729110000025,0.00004,0.36998899699995036,0.36432038600003125,0.338828110999998
50000,45.81239,0.013552232999984426,1.252983424999968,1.3189687230000118,0.00003,1.5248668429999839,3.253621653000039,3.1272338359999594,0.00003,1.7910960180000188,1.8087377199999537,1.6689930079999726,0.00003,1.7904875010000296,1.7792236639999714,1.6683310579999784
