n_rows,ChromaDB - instantiation,ChromaDB - query,ChromaDB - query 1 metadata,ChromaDB - query all (3) metadata,NumpyBasedPolarsVectorStore - instantiation,NumpyBasedPolarsVectorStore - query,NumpyBasedPolarsVectorStore - query 1 metadata,NumpyBasedPolarsVectorStore - query all (3) metadata,PolarsArgPartitionVectorStore - instantiation,PolarsArgPartitionVectorStore - query,PolarsArgPartitionVectorStore - query 1 metadata,PolarsArgPartitionVectorStore - query all (3) metadata,PolarsTopKVectorStore - instantiation,PolarsTopKVectorStore - query,PolarsTopKVectorStore - query 1 metadata,PolarsTopKVectorStore - query all (3) metadata
500,0.36275,0.012205031999997118,0.02643224200005534,0.02820846800000254,0.00002,0.018292280999958166,0.034539472000005844,0.035536315000058494,0.00003,0.019648693000021922,0.02009472600002482,0.020179622000000563,0.00002,0.019160303000035128,0.019489705999944817,0.01942462500005604
1000,0.68748,0.012411397999926521,0.038804326000104084,0.03934578700000202,0.00002,0.03269322699998156,0.06296869899995272,0.06350398200004292,0.00003,0.03570029600007274,0.034921602999929746,0.03472555899998042,0.00003,0.03527192699993975,0.03526865899993936,0.03446049500007575
10000,7.92776,0.013229747999957908,0.25434305300007054,0.2587028159999818,0.00003,0.27601031099993634,0.579761420000068,0.5616196189999982,0.00004,0.3376448789999813,0.33624190099999396,0.30580560900000364,0.00003,0.33709754699998484,0.3342229889999544,0.30440102800002933
50000,46.58256,0.013473369000166713,1.269165103999967,1.314408727,0.00003,1.352828713000008,2.9010665309999695,2.8328489839998383,0.00003,1.6214329599999928,1.617239968999911,1.4943767079998906,0.00004,1.6099096820000796,1.6260461540000506,1.50171550999994
