n_rows,ChromaDB - instantiation,ChromaDB - query,ChromaDB - query 1 metadata,ChromaDB - query all (3) metadata,NumpyBasedPolarsVectorStore - instantiation,NumpyBasedPolarsVectorStore - query,NumpyBasedPolarsVectorStore - query 1 metadata,NumpyBasedPolarsVectorStore - query all (3) metadata,PolarsArgPartitionVectorStore - instantiation,PolarsArgPartitionVectorStore - query,PolarsArgPartitionVectorStore - query 1 metadata,PolarsArgPartitionVectorStore - query all (3) metadata,PolarsTopKVectorStore - instantiation,PolarsTopKVectorStore - query,PolarsTopKVectorStore - query 1 metadata,PolarsTopKVectorStore - query all (3) metadata
500,0.31002,0.011262141999964115,0.025380095000059555,0.026506595999990168,0.00002,0.002646090999974149,0.009168206000026657,0.00973278400010713,0.00001,0.008989804999941953,0.009789049000005434,0.010156028999972477,0.00002,0.008408727000073668,0.009059613999966132,0.009376964000011867
1000,0.55081,0.011433760999921105,0.03675726099993426,0.03735967900001924,0.00002,0.002937542000040594,0.014627999000026648,0.015174213000022974,0.00002,0.014831146000005901,0.01533135499994387,0.015588010999977087,0.00002,0.013887404999991304,0.014696598999989874,0.014959978000092633
10000,6.58339,0.011796339000056832,0.2607572680000203,0.2630511639999895,0.00002,0.006458024000039586,0.10676179000006414,0.10739005300001736,0.00002,0.1260010290000082,0.10881613399999424,0.10622071600005256,0.00002,0.12091020399998342,0.10621743000001516,0.10554351899997982
50000,38.23106,0.012034199000027002,1.2808245149999493,1.3371165030000611,0.00002,0.02167339900006482,0.5563568310000164,0.5457922670000244,0.00002,0.5782694059998903,0.5920291319999933,0.5608915149999802,0.00004,0.5825315060000094,0.5922495599999138,0.5582342479999625
