n_rows,ChromaDB - instantiation,ChromaDB - query,ChromaDB - query with metadata,NumpyBasedPolarsVectorStore - instantiation,NumpyBasedPolarsVectorStore - query,NumpyBasedPolarsVectorStore - query with metadata,PolarsArgPartitionVectorStore - instantiation,PolarsArgPartitionVectorStore - query,PolarsArgPartitionVectorStore - query with metadata,PolarsTopKVectorStore - instantiation,PolarsTopKVectorStore - query,PolarsTopKVectorStore - query with metadata
500,0.51259,0.013143008000042755,0.029803178999941338,0.00002,0.0031122180000693334,0.03432236399999056,0.00002,0.036879202000022815,0.035173420999967675,0.00002,0.034692514000084884,0.03453134300002603
1000,0.93542,0.013551529999972445,0.039371065000068484,0.00003,0.003679968000028566,0.06053151599996909,0.00001,0.066486270999917,0.061678118000031645,0.00002,0.06398171300008926,0.06132426400006352
10000,14.21119,0.014971792999972422,0.27133447699998214,0.00002,0.014222023999991507,0.5789136289999988,0.00002,0.667439403000003,0.6214121490000935,0.00004,0.6665979829999742,0.6189952209999774
50000,97.06976,0.01564796299999216,1.3648337339998307,0.00002,0.058346252000092136,2.903177601000152,0.00002,3.7534296889998586,3.0033436450000863,0.00002,3.7280811759999324,2.9970764239999426
