n_rows,ChromaDB - instantiation,ChromaDB - query,NumpyBasedPolarsVectorStore - instantiation,NumpyBasedPolarsVectorStore - query,PolarsArgPartitionVectorStore - instantiation,PolarsArgPartitionVectorStore - query,PolarsTopKVectorStore - instantiation,PolarsTopKVectorStore - query
500,0.43838,0.012344409000036194,0.00002,0.002961537999965458,0.00001,0.03173631800001431,0.00001,0.031306300000039755
1000,0.89015,0.013439865000009377,0.00002,0.003516950999994606,0.00001,0.05765188800000942,0.00002,0.05800032199999805
10000,14.24192,0.014937527999904887,0.00002,0.01315712899997834,0.00002,0.5973181499999782,0.00002,0.5890457549999155
50000,89.14328,0.015293535999944652,0.00005,0.053079496000009385,0.00002,2.9602029250000896,0.00002,2.9469597510000085
100000,199.80645,0.015748924000035913,0.00002,0.1092143710000073,0.00002,7.0496824860000515,0.00002,7.058658107000042
