n_rows,ChromaDB - instantiation,ChromaDB - query,ChromaDB - query with metadata,NumpyBasedPolarsVectorStore - instantiation,NumpyBasedPolarsVectorStore - query,NumpyBasedPolarsVectorStore - query with metadata,PolarsArgPartitionVectorStore - instantiation,PolarsArgPartitionVectorStore - query,PolarsArgPartitionVectorStore - query with metadata,PolarsTopKVectorStore - instantiation,PolarsTopKVectorStore - query,PolarsTopKVectorStore - query with metadata
500,0.47022,0.013199982999992699,0.029074318000027688,0.00002,0.0032710369999904287,0.03748475999998391,0.00002,0.03881644599999845,0.03817885699999124,0.00001,0.038199704999954065,0.03740756600001305
1000,0.93491,0.013626488999989306,0.03965419999997266,0.00002,0.003917973999989499,0.06811403100005009,0.00001,0.07299673799997208,0.07110573400001385,0.00002,0.0736749970000119,0.06854123000005075
10000,14.35653,0.01488435499999241,0.2726428359999886,0.00002,0.015524900000002617,0.6443070230000103,0.00002,0.7333847419999984,0.6846594170000344,0.00002,0.7297092500000417,0.6811793580000085
50000,96.95285,0.01590403199998036,1.3736249610000186,0.00002,0.06862316499996268,3.228579366999952,0.00002,3.591177796000011,3.34575828800007,0.00002,3.611562251999999,3.344947587999968
