n_rows,ChromaDB - instantiation,ChromaDB - query,ChromaDB - query with metadata,NumpyBasedPolarsVectorStore - instantiation,NumpyBasedPolarsVectorStore - query,NumpyBasedPolarsVectorStore - query with metadata,PolarsArgPartitionVectorStore - instantiation,PolarsArgPartitionVectorStore - query,PolarsArgPartitionVectorStore - query with metadata,PolarsTopKVectorStore - instantiation,PolarsTopKVectorStore - query,PolarsTopKVectorStore - query with metadata
500,0.36829,0.01224331999998185,0.02798897900004249,0.00002,0.003003938000006201,0.021575784999981806,0.00001,0.02169989600002964,0.022223553999992873,0.00002,0.02125885800001015,0.021557579999978316
1000,0.70281,0.012499828000045454,0.03934210699998175,0.00002,0.003403324000032626,0.038058121999995365,0.00002,0.03947092700002486,0.038461132000009,0.00002,0.03814522200002557,0.03816548899999361
10000,9.73135,0.013299588999984735,0.26697623899997325,0.00002,0.009735221999960686,0.33211879300000646,0.00002,0.380122297000014,0.3527910020000036,0.00002,0.37766789899995956,0.35165064100004884
50000,62.75399,0.013441526000008253,1.3474886070000025,0.00002,0.03859536999999591,1.63519431200001,0.00002,1.819819664000022,1.7148002669999869,0.00002,1.8176427189999913,1.710412286999997
