n_rows,ChromaDB - instantiation,ChromaDB - query,ChromaDB - query with metadata,NumpyBasedPolarsVectorStore - instantiation,NumpyBasedPolarsVectorStore - query,NumpyBasedPolarsVectorStore - query with metadata,PolarsArgPartitionVectorStore - instantiation,PolarsArgPartitionVectorStore - query,PolarsArgPartitionVectorStore - query with metadata,PolarsTopKVectorStore - instantiation,PolarsTopKVectorStore - query,PolarsTopKVectorStore - query with metadata
500,0.37085,0.012116841999954886,0.02801838499999576,0.00002,0.0028561090000494005,0.019414138999991337,0.00001,0.02013766899995062,0.020252873000004,0.00002,0.01936482700000397,0.020156753999913235
1000,0.71381,0.012336091000065608,0.03918105600007493,0.00002,0.003248551999945448,0.03533755299997665,0.00002,0.035616514000025745,0.03474570900004892,0.00002,0.03454383200005395,0.034080467999956454
10000,9.79841,0.013314974999957485,0.26434912399997756,0.00002,0.009263182000040615,0.2971727369999826,0.00002,0.33949839100000645,0.33027476500001285,0.00002,0.33717179300003863,0.3281141500000331
50000,62.74975,0.013529555999980403,1.3390823749999754,0.00002,0.03546046799999658,1.5052624910000532,0.00002,1.6430788620000385,1.54096373699997,0.00002,1.644521435999991,1.5483822099999998
