n_rows,ChromaDB - instantiation,ChromaDB - query,NumpyBasedPolarsVectorStore - instantiation,NumpyBasedPolarsVectorStore - query,PolarsArgPartitionVectorStore - instantiation,PolarsArgPartitionVectorStore - query,PolarsTopKVectorStore - instantiation,PolarsTopKVectorStore - query
500,0.95276,0.013205174999995961,0.00002,0.003157860000001733,0.00001,0.03563703000000373,0.00001,0.03561243300001138
1000,0.90435,0.013750893000008091,0.00002,0.003723288000003322,0.00001,0.06524844399999097,0.00002,0.06459488800000202
10000,13.85982,0.014987022000013894,0.00002,0.013584952000002204,0.00001,0.6604896439999948,0.00002,0.6457138259999908
50000,88.02486,0.015209651000020585,0.00002,0.056297861000018656,0.00002,3.2721106150000026,0.00002,3.266481572999993
100000,196.68518,0.015637572999992244,0.00002,0.11195467100003498,0.00002,7.084381933999964,0.00002,7.046291626000027
