n_rows,ChromaDB - instantiation,ChromaDB - query,ChromaDB - query 1 metadata,ChromaDB - query all (3) metadata,NumpyBasedPolarsVectorStore - instantiation,NumpyBasedPolarsVectorStore - query,NumpyBasedPolarsVectorStore - query 1 metadata,NumpyBasedPolarsVectorStore - query all (3) metadata,PolarsArgPartitionVectorStore - instantiation,PolarsArgPartitionVectorStore - query,PolarsArgPartitionVectorStore - query 1 metadata,PolarsArgPartitionVectorStore - query all (3) metadata,PolarsTopKVectorStore - instantiation,PolarsTopKVectorStore - query,PolarsTopKVectorStore - query 1 metadata,PolarsTopKVectorStore - query all (3) metadata
500,0.5171,0.013990914000032717,0.029161180999949465,0.029204070999981013,0.00002,0.04570922300001712,0.08973693999996613,0.08972047999998267,0.00002,0.04994227099996351,0.04930237099995338,0.04852340299999014,0.00003,0.04889067400006297,0.048628597999936574,0.04726821799999925
1000,0.9997,0.014283639000041148,0.040298480000046766,0.04128312000000278,0.00003,0.0848330700000588,0.1685415299999704,0.16892048299996532,0.00003,0.09432656699993913,0.09307487000000947,0.0901872380001123,0.00003,0.09343743800002358,0.09187163400008558,0.0894427309999628
10000,12.87848,0.015936764999992192,0.2547341910000114,0.26439554200010207,0.00003,0.8065721140000051,1.6562331929999345,1.6380502990000423,0.00004,0.9565352299999859,0.9280923050000638,0.8835248220000267,0.00004,0.9506159330001083,0.9304636049999999,0.8859214569999949
50000,77.79657,0.016778071999965505,1.267523772000004,1.3235733389999496,0.00003,3.996302268000022,8.292941083000073,8.228333564999957,0.00003,4.7242606019999585,4.646906802999979,4.358271909999985,0.00004,4.737981867999906,4.5779669030000605,4.378114204999974
