n_rows,ChromaDB - instantiation,ChromaDB - query,ChromaDB - query 1 metadata,ChromaDB - query all (3) metadata,NumpyBasedPolarsVectorStore - instantiation,NumpyBasedPolarsVectorStore - query,NumpyBasedPolarsVectorStore - query 1 metadata,NumpyBasedPolarsVectorStore - query all (3) metadata,PolarsArgPartitionVectorStore - instantiation,PolarsArgPartitionVectorStore - query,PolarsArgPartitionVectorStore - query 1 metadata,PolarsArgPartitionVectorStore - query all (3) metadata,PolarsTopKVectorStore - instantiation,PolarsTopKVectorStore - query,PolarsTopKVectorStore - query 1 metadata,PolarsTopKVectorStore - query all (3) metadata
500,0.36554,0.012092860000052497,0.02616412300005777,0.027960315999962404,0.00002,0.0028029919999426056,0.018811478999964493,0.01938299999994797,0.00001,0.019864925999968364,0.020091073000003234,0.0201525050000555,0.00002,0.019133345999989615,0.019476712000027874,0.0194215509999367
1000,0.714,0.012281921999942824,0.03799610999999459,0.03869700000007015,0.00002,0.00327954600004432,0.03303939099998843,0.033430497000040305,0.00002,0.03502557699994213,0.0351961129999836,0.03474105899999813,0.00002,0.034247643999947286,0.034542982000061784,0.03442647500003204
10000,9.36651,0.013014089999956013,0.25422150899998996,0.26517175999993015,0.00002,0.009051465999959873,0.3082347810000101,0.29234056699999655,0.00002,0.35759404800000993,0.3481870309999522,0.32670250200010287,0.00002,0.35591036499999973,0.3470919100000174,0.32585248100008357
50000,58.67777,0.013154784999983349,1.260043350999922,1.3257921099999521,0.00002,0.03504102600004444,1.589421537000021,1.5080505359999279,0.00002,1.6410297420000006,1.676353858000084,1.5378873749999684,0.00002,1.6334716580000759,1.6653169209999987,1.549460900999975
