n_rows,ChromaDB - instantiation,ChromaDB - query,ChromaDB - query with metadata,NumpyBasedPolarsVectorStore - instantiation,NumpyBasedPolarsVectorStore - query,NumpyBasedPolarsVectorStore - query with metadata,PolarsArgPartitionVectorStore - instantiation,PolarsArgPartitionVectorStore - query,PolarsArgPartitionVectorStore - query with metadata,PolarsTopKVectorStore - instantiation,PolarsTopKVectorStore - query,PolarsTopKVectorStore - query with metadata
500,0.89216,0.01158136600000148,0.027051618000001554,0.00002,0.0029239890000098967,0.01130060200000571,0.00002,0.010617099000000962,0.011463556999984803,0.00002,0.010147087000007105,0.010721416000023964
1000,0.58639,0.011604801000004272,0.03751026799997703,0.00002,0.0032383200000083434,0.016520824999986417,0.00002,0.01607142499997849,0.017339243999998644,0.00002,0.0152346720000196,0.016378078999991885
10000,8.37011,0.011926160000001573,0.2624142650000181,0.00002,0.006930366999995385,0.11841548499998567,0.00002,0.12941259000001537,0.11928816900001493,0.00002,0.13502309099999366,0.11698092500000712
50000,39.30351,0.012188745999992534,1.3468352559999914,0.00002,0.022909873000003245,0.5873043560000042,0.00002,0.6300251589999846,0.60738233699999,0.00002,0.6284982939999963,0.6056398389999913
