n_rows,ChromaDB - instantiation,ChromaDB - query,ChromaDB - query with metadata,NumpyBasedPolarsVectorStore - instantiation,NumpyBasedPolarsVectorStore - query,NumpyBasedPolarsVectorStore - query with metadata,PolarsArgPartitionVectorStore - instantiation,PolarsArgPartitionVectorStore - query,PolarsArgPartitionVectorStore - query with metadata,PolarsTopKVectorStore - instantiation,PolarsTopKVectorStore - query,PolarsTopKVectorStore - query with metadata
500,0.57488,0.013872568999886425,0.029967261999900074,0.00002,0.0033067439999285853,0.04263683299996046,0.00002,0.04530002299998159,0.04360829899997043,0.00002,0.04526356199994552,0.04313209499991899
1000,1.08312,0.014321999000003416,0.042110208999929455,0.00002,0.004022879999865836,0.07754535999993095,0.00002,0.08604878400001326,0.08314454600008503,0.00002,0.08557629100005215,0.08104452099996706
10000,17.52152,0.016822643000068638,0.2739228440000261,0.00002,0.017480438999882608,0.7795102259999567,0.00002,0.8783297239999683,0.8160355330001039,0.00002,0.8726882560001741,0.813518318999968
50000,120.94974,0.017723511999975017,1.3641870199999175,0.00002,0.07474379099994621,4.247338968999884,0.00002,5.473034885000061,4.536702590999994,0.00002,5.435790851999855,4.526399975999993
