n_rows,ChromaDB - instantiation,ChromaDB - query,ChromaDB - query 1 metadata,ChromaDB - query all (3) metadata,NumpyBasedPolarsVectorStore - instantiation,NumpyBasedPolarsVectorStore - query,NumpyBasedPolarsVectorStore - query 1 metadata,NumpyBasedPolarsVectorStore - query all (3) metadata,PolarsArgPartitionVectorStore - instantiation,PolarsArgPartitionVectorStore - query,PolarsArgPartitionVectorStore - query 1 metadata,PolarsArgPartitionVectorStore - query all (3) metadata,PolarsTopKVectorStore - instantiation,PolarsTopKVectorStore - query,PolarsTopKVectorStore - query 1 metadata,PolarsTopKVectorStore - query all (3) metadata
500,0.46617,0.013838683000017227,0.027725744999997914,0.028968530999975428,0.00002,0.0032240130000218414,0.03616565800001581,0.03706464699996559,0.00002,0.03872487699999283,0.038157946000012544,0.03783449499997005,0.00002,0.03789805299999216,0.03804412400000956,0.03760084900000038
1000,0.93129,0.013527275000001282,0.0388322169999924,0.03901501799998641,0.00002,0.0037322969999991074,0.06722523100000899,0.06631078300000581,0.00002,0.07246024699998088,0.07145806800002674,0.06874734899997748,0.00002,0.07080184099999087,0.06962975699997287,0.06801139500004183
10000,13.69504,0.015107537000005777,0.25775548800004344,0.2726046760000145,0.00002,0.014930789000004552,0.6860898880000263,0.6488431459999902,0.00002,0.7377021130000117,0.7233297889999903,0.6850452180000275,0.00002,0.7305843830000072,0.7207047039999566,0.6814195080000331
50000,89.46293,0.015581062000023849,1.2766928639999833,1.3411575630000243,0.00002,0.06002855600002022,3.416999168000018,3.2506688139999937,0.00002,3.577436067000008,3.5509406969999873,3.4118346360000373,0.00002,3.592398017999983,3.553015436999999,3.313486296999997
