n_rows,ChromaDB - instantiation,ChromaDB - query,ChromaDB - query 1 metadata,ChromaDB - query all (3) metadata,NumpyBasedPolarsVectorStore - instantiation,NumpyBasedPolarsVectorStore - query,NumpyBasedPolarsVectorStore - query 1 metadata,NumpyBasedPolarsVectorStore - query all (3) metadata,PolarsArgPartitionVectorStore - instantiation,PolarsArgPartitionVectorStore - query,PolarsArgPartitionVectorStore - query 1 metadata,PolarsArgPartitionVectorStore - query all (3) metadata,PolarsTopKVectorStore - instantiation,PolarsTopKVectorStore - query,PolarsTopKVectorStore - query 1 metadata,PolarsTopKVectorStore - query all (3) metadata
500,0.82547,0.011564233000001423,0.025484900999998672,0.027026372999998216,0.00002,0.00278957000000446,0.010769609000007563,0.011366534999993405,0.00002,0.010548345999993103,0.011504774000002271,0.011582629000002953,0.00002,0.009976614999999356,0.010262165999989747,0.01062611800000468
1000,0.63998,0.011485346000000618,0.036686068999998156,0.03689226199999496,0.00002,0.0029837299999968536,0.015729887000006215,0.01635842500000706,0.00003,0.016837382999995043,0.01644851200001085,0.01667950099999871,0.00002,0.015157094000002758,0.016039101000004052,0.015966415999997707
10000,7.03608,0.011715227000010486,0.2562403040000021,0.26209814799999265,0.00002,0.006825069000001349,0.11867683799999895,0.1170840609999999,0.00001,0.12727582000000837,0.11935110100000657,0.11668495300000359,0.00002,0.1257859370000034,0.11735373399999105,0.11519536800000196
50000,37.90395,0.012017323000009128,1.2643983960000185,1.329191877999989,0.00002,0.02231646499998874,0.599602515000015,0.5883650250000017,0.00002,0.6274515929999893,0.6339485209999793,0.6094707920000246,0.00002,0.6244046369999978,0.6315982459999816,0.6077340370000002
