n_rows,ChromaDB - instantiation,ChromaDB - query,ChromaDB - query with metadata,NumpyBasedPolarsVectorStore - instantiation,NumpyBasedPolarsVectorStore - query,NumpyBasedPolarsVectorStore - query with metadata,PolarsArgPartitionVectorStore - instantiation,PolarsArgPartitionVectorStore - query,PolarsArgPartitionVectorStore - query with metadata,PolarsTopKVectorStore - instantiation,PolarsTopKVectorStore - query,PolarsTopKVectorStore - query with metadata
500,0.53343,0.014180917999965459,0.029764516000000185,0.00002,0.003459096000028694,0.0489390209999101,0.00002,0.05115036699999109,0.04911113900004693,0.00002,0.0506775529999004,0.049609755999995286
1000,1.09474,0.014443349999964994,0.04167468699995425,0.00002,0.0042146929999944405,0.0905349729999898,0.00003,0.0976695929999778,0.09245213700000932,0.00002,0.09649985800001559,0.09231619299998783
10000,17.50833,0.016137258000071597,0.2755158219999885,0.00002,0.018871572999955788,0.8837508330000219,0.00002,0.9723238830000582,0.9004832980000401,0.00002,0.9669011979999595,0.9075683949999984
50000,117.5643,0.017963113000064368,1.3629690899999787,0.00002,0.08067192999999406,4.388146488999951,0.00002,5.316181011000026,4.445132224999952,0.00002,5.361530552999966,4.486191665000092
