n_rows,ChromaDB - instantiation,ChromaDB - query,ChromaDB - query 1 metadata,ChromaDB - query all (3) metadata,NumpyBasedPolarsVectorStore - instantiation,NumpyBasedPolarsVectorStore - query,NumpyBasedPolarsVectorStore - query 1 metadata,NumpyBasedPolarsVectorStore - query all (3) metadata,PolarsArgPartitionVectorStore - instantiation,PolarsArgPartitionVectorStore - query,PolarsArgPartitionVectorStore - query 1 metadata,PolarsArgPartitionVectorStore - query all (3) metadata,PolarsTopKVectorStore - instantiation,PolarsTopKVectorStore - query,PolarsTopKVectorStore - query 1 metadata,PolarsTopKVectorStore - query all (3) metadata
500,0.52794,0.013982999000006657,0.028822136000030696,0.029390188999968814,0.00002,0.003304529999979877,0.0472802649999835,0.047112324000011085,0.00001,0.05061400999994703,0.05011613699997497,0.047739157000023624,0.00002,0.048513303000049746,0.048061814999982744,0.04694637700004023
1000,1.06583,0.01430939399995168,0.04040374900000643,0.04134859200007668,0.00002,0.0040567849999888494,0.08697878800001035,0.08580238599995482,0.00001,0.09562048800000866,0.09303717599993888,0.08979070399993816,0.00003,0.09348435599997629,0.0923071219999656,0.08889136599998437
10000,16.67108,0.01618983899993509,0.2612591939999902,0.2671891279999272,0.00002,0.018241466000063156,0.893769458999941,0.8834504069999412,0.00002,0.9738537380000025,0.9615731379999488,0.9052489330000526,0.00002,0.9699799129999747,0.9580442940000466,0.9052760069999977
50000,108.8594,0.017097176999982366,1.2733318120000376,1.337766149999993,0.00002,0.07806915900005151,4.523025834000009,4.364511054000104,0.00002,5.330982538999933,4.626862349000021,4.457666332000031,0.00002,5.338043716000016,4.629146444000071,4.4393998860000465
