n_rows,ChromaDB - instantiation,ChromaDB - query,ChromaDB - query 1 metadata,ChromaDB - query all (3) metadata,NumpyBasedPolarsVectorStore - instantiation,NumpyBasedPolarsVectorStore - query,NumpyBasedPolarsVectorStore - query 1 metadata,NumpyBasedPolarsVectorStore - query all (3) metadata,PolarsArgPartitionVectorStore - instantiation,PolarsArgPartitionVectorStore - query,PolarsArgPartitionVectorStore - query 1 metadata,PolarsArgPartitionVectorStore - query all (3) metadata,PolarsTopKVectorStore - instantiation,PolarsTopKVectorStore - query,PolarsTopKVectorStore - query 1 metadata,PolarsTopKVectorStore - query all (3) metadata
500,0.53299,0.013709507999919879,0.028334769000139204,0.029159275000210982,0.00002,0.04049792399996477,0.07965687000000798,0.08010930499995084,0.00003,0.04575778299999911,0.044807966999997006,0.04344474899994566,0.00003,0.044428119000031074,0.0436665479999192,0.04265615000008438
1000,1.04405,0.014205112000126974,0.040084874000058335,0.04126117400005569,0.00002,0.07604813700004343,0.14998219499989318,0.1496195219999663,0.00003,0.08496612799990544,0.08384161399999357,0.08089224600007583,0.00003,0.08603395000000091,0.0834936060000473,0.08020798100005777
10000,12.70422,0.016005145999997694,0.2555513410000003,0.266882859999896,0.00002,0.7138264470002014,1.481462024000166,1.4616711139999552,0.00003,0.8603440340000361,0.8365636779999477,0.7927470529998573,0.00003,0.8577826960001858,0.8351672400001462,0.7958370849999028
50000,77.7801,0.017866234999928565,1.2867612309999004,1.3338513630001216,0.00003,3.5474963560000106,7.404266688000007,7.332533926999986,0.00003,4.264701573999901,4.1332906119998825,3.9117112719998204,0.00004,4.265195602999938,4.133551834999935,3.9088622450001367
