n_rows,ChromaDB - instantiation,ChromaDB - query,ChromaDB - query 1 metadata,ChromaDB - query all (3) metadata,NumpyBasedPolarsVectorStore - instantiation,NumpyBasedPolarsVectorStore - query,NumpyBasedPolarsVectorStore - query 1 metadata,NumpyBasedPolarsVectorStore - query all (3) metadata,PolarsArgPartitionVectorStore - instantiation,PolarsArgPartitionVectorStore - query,PolarsArgPartitionVectorStore - query 1 metadata,PolarsArgPartitionVectorStore - query all (3) metadata,PolarsTopKVectorStore - instantiation,PolarsTopKVectorStore - query,PolarsTopKVectorStore - query 1 metadata,PolarsTopKVectorStore - query all (3) metadata
500,0.3126,0.01139374299998508,0.025374391999889667,0.02681649800001651,0.00002,0.008838758000024427,0.015340771999944991,0.016206976000034956,0.00002,0.009122321000063494,0.009799237000038374,0.0100573350000559,0.00002,0.008392632999971283,0.009018259999947986,0.009448538000015105
1000,0.55648,0.011409341999979006,0.03655879500001902,0.03696151499991629,0.00002,0.013882506999948419,0.025721387999965373,0.026419467999971857,0.00003,0.014657830000032845,0.015311787000086952,0.015567597000085698,0.00003,0.014026323999928536,0.014666766999994252,0.014797710000038933
10000,5.85961,0.011922077999997782,0.2487205059999269,0.25228247999996256,0.00002,0.09870439500002703,0.19526392600005238,0.19458473500003493,0.00003,0.1191662340000903,0.10786924800004272,0.10727380299999822,0.00003,0.11611189999996441,0.10667394500001137,0.10337443299999904
50000,32.73528,0.012090311000065412,1.2663172189998022,1.3268357990000368,0.00002,0.48545805399999153,1.0023569359998419,0.9932024899999305,0.00003,0.5703523310000946,0.5600081390000469,0.5442122619999736,0.00004,0.5638180880000618,0.5573810729999877,0.5393601040000249
