n_rows,ChromaDB - instantiation,ChromaDB - query,ChromaDB - query 1 metadata,ChromaDB - query all (3) metadata,NumpyBasedPolarsVectorStore - instantiation,NumpyBasedPolarsVectorStore - query,NumpyBasedPolarsVectorStore - query 1 metadata,NumpyBasedPolarsVectorStore - query all (3) metadata,PolarsArgPartitionVectorStore - instantiation,PolarsArgPartitionVectorStore - query,PolarsArgPartitionVectorStore - query 1 metadata,PolarsArgPartitionVectorStore - query all (3) metadata,PolarsTopKVectorStore - instantiation,PolarsTopKVectorStore - query,PolarsTopKVectorStore - query 1 metadata,PolarsTopKVectorStore - query all (3) metadata
500,0.85531,0.011413175000029696,0.02547903899994708,0.026700152999978854,0.00002,0.010114326000007168,0.018057795999993687,0.018916823000040495,0.00003,0.010439969000003657,0.011156174000007013,0.011296028999993268,0.00003,0.009675721000007798,0.010438700000008794,0.010660198999971726
1000,0.52862,0.011436898999988898,0.03678325000004179,0.03702826700003925,0.00002,0.01539652600001773,0.028126075999978184,0.029031331999988197,0.00003,0.015859039000019948,0.01653144599998768,0.016696441000021878,0.00002,0.015200546999949438,0.015750524999987192,0.016024361999996017
10000,6.16595,0.01194076999996696,0.2485226809999972,0.2539568320000285,0.00002,0.11030455299999176,0.2186423009999885,0.21928650499995683,0.00003,0.12753061400002252,0.11950746799999479,0.11581813999998758,0.00003,0.125668687999962,0.11716338799999448,0.11547438799999554
50000,32.48396,0.011898475999998936,1.2637667189999888,1.3387649170000486,0.00003,0.5369345839999937,1.1053997320000235,1.0970461979999868,0.00004,0.621604944000012,0.614485540999965,0.588140554000006,0.00004,0.6170367550000151,0.6143375489999698,0.5889032440000506
