n_rows,ChromaDB - instantiation,ChromaDB - query,ChromaDB - query 1 metadata,ChromaDB - query all (3) metadata,NumpyBasedPolarsVectorStore - instantiation,NumpyBasedPolarsVectorStore - query,NumpyBasedPolarsVectorStore - query 1 metadata,NumpyBasedPolarsVectorStore - query all (3) metadata,PolarsArgPartitionVectorStore - instantiation,PolarsArgPartitionVectorStore - query,PolarsArgPartitionVectorStore - query 1 metadata,PolarsArgPartitionVectorStore - query all (3) metadata,PolarsTopKVectorStore - instantiation,PolarsTopKVectorStore - query,PolarsTopKVectorStore - query 1 metadata,PolarsTopKVectorStore - query all (3) metadata
500,0.37243,0.012210881999976664,0.026170519999993758,0.02768915899997637,0.00002,0.0028326269999752185,0.020880032000007986,0.02140690999999606,0.00001,0.021592563000012888,0.021968950999990966,0.021947330999978476,0.00001,0.020949289000014915,0.021326510000022836,0.021330986999998913
1000,0.7128,0.012322248999993235,0.038306341999998494,0.038841906000016024,0.00002,0.0032111299999826315,0.03757622599999877,0.038310809999984485,0.00002,0.0395111770000085,0.04013915299998416,0.039661817999984805,0.00002,0.03854532599999061,0.038590229000021736,0.03829300699999294
10000,9.40388,0.013123715999995511,0.2534243690000153,0.2620168349999972,0.00002,0.00945964600001048,0.3372810770000001,0.32920021999998994,0.00002,0.37692499300001714,0.37376146100001506,0.35006614100001343,0.00002,0.37406915299999355,0.3741530270000055,0.3484223689999908
50000,58.55126,0.01324737600000958,1.2633635550000122,1.3326941769999792,0.00002,0.0359467349999818,1.7442064599999867,1.6325543380000056,0.00002,1.799483897000016,1.7898618190000093,1.6831812030000037,0.00004,1.8002561529999639,1.8123539040000196,1.6895487440000352
