n_rows,ChromaDB - instantiation,ChromaDB - query,ChromaDB - query 1 metadata,ChromaDB - query all (3) metadata,NumpyBasedPolarsVectorStore - instantiation,NumpyBasedPolarsVectorStore - query,NumpyBasedPolarsVectorStore - query 1 metadata,NumpyBasedPolarsVectorStore - query all (3) metadata,PolarsArgPartitionVectorStore - instantiation,PolarsArgPartitionVectorStore - query,PolarsArgPartitionVectorStore - query 1 metadata,PolarsArgPartitionVectorStore - query all (3) metadata,PolarsTopKVectorStore - instantiation,PolarsTopKVectorStore - query,PolarsTopKVectorStore - query 1 metadata,PolarsTopKVectorStore - query all (3) metadata
500,0.51342,0.013937805000068693,0.028814665000027162,0.029660556000067118,0.00002,0.045386430999997174,0.08905302400000892,0.08944933400005084,0.00003,0.049716020999994726,0.049430651999955444,0.04796193900006074,0.00003,0.04977404600003865,0.048477262000005794,0.04744686599997294
1000,1.0009,0.014751353000065137,0.040658275000055255,0.04172138299998096,0.00002,0.08521262499994009,0.1688668140000118,0.16869987200004743,0.00003,0.09484004899991305,0.09345870000004197,0.09059527400006573,0.00005,0.09342724800001179,0.09258139799999299,0.08938990500007549
10000,13.00713,0.01607232199989994,0.2583077519999506,0.2672252510000135,0.00003,0.8069958149999366,1.6687048699999423,1.6462781469999754,0.00003,0.9562606990000404,0.9332644639999899,0.886977469000044,0.00004,0.9543615890000865,0.9332848110000214,0.8878410940000094
50000,78.3281,0.016855099999929735,1.2881799769999134,1.3390946229999372,0.00002,3.997379359999968,8.279754617000094,8.202703005999979,0.00003,4.742067349999957,4.623245041000018,4.374340161999953,0.00004,4.724742680000077,4.629361972999959,4.3894553730000325
