n_rows,ChromaDB - instantiation,ChromaDB - query,NumpyBasedPolarsVectorStore - instantiation,NumpyBasedPolarsVectorStore - query,PolarsArgPartitionVectorStore - instantiation,PolarsArgPartitionVectorStore - query,PolarsTopKVectorStore - instantiation,PolarsTopKVectorStore - query
500,0.45918,0.013128285999982836,0.00002,0.0034768699999858654,0.00001,0.0398761659999991,0.00002,0.038815211999917665
1000,0.91887,0.01346355299995139,0.00002,0.004452143999969849,0.00001,0.07307884500005457,0.00002,0.07225801999993564
10000,13.59344,0.014836127000080523,0.00002,0.022309651000000486,0.00002,0.7342378540000709,0.00002,0.7285497870000199
50000,89.08712,0.015237832999901002,0.00002,0.09826279000003524,0.00002,3.658217337999986,0.00002,3.6192549390000295
100000,204.26707,0.016502014000025156,0.00002,0.19733553599985498,0.00001,8.246324752999953,0.00002,8.246099291000064
