n_rows,ChromaDB - instantiation,ChromaDB - query,ChromaDB - query 1 metadata,ChromaDB - query all (3) metadata,NumpyBasedPolarsVectorStore - instantiation,NumpyBasedPolarsVectorStore - query,NumpyBasedPolarsVectorStore - query 1 metadata,NumpyBasedPolarsVectorStore - query all (3) metadata,PolarsArgPartitionVectorStore - instantiation,PolarsArgPartitionVectorStore - query,PolarsArgPartitionVectorStore - query 1 metadata,PolarsArgPartitionVectorStore - query all (3) metadata,PolarsTopKVectorStore - instantiation,PolarsTopKVectorStore - query,PolarsTopKVectorStore - query 1 metadata,PolarsTopKVectorStore - query all (3) metadata
500,0.4792,0.013218595000012101,0.027816539000014018,0.02892705199997181,0.00002,0.003060229999960029,0.03268434500000694,0.03315037899994877,0.00001,0.03502225499994438,0.03476175000002968,0.034312053000007836,0.00002,0.034188556999993125,0.03398975799996151,0.03366300099992259
1000,0.93803,0.013536925999915184,0.039092219000053774,0.03897651399995539,0.00002,0.00357616799999505,0.0606305160000602,0.05967959899999187,0.00001,0.06526483499999358,0.06399515699990843,0.06294808699999521,0.00004,0.06422452499998599,0.06423264900001868,0.0613037019999183
10000,13.59903,0.01488075800000388,0.2589199679999865,0.2656007230000341,0.00002,0.014225291000002471,0.6171598749999703,0.5817480859999478,0.00002,0.6705995570000596,0.6642156309999336,0.632227051999962,0.00002,0.6694552069999418,0.6658863320001274,0.6291589289999138
50000,89.93648,0.016296655999894938,1.2822862919999807,1.340034980999917,0.00002,0.05759729700002936,4.173076605999995,3.5163433850000274,0.00002,4.190295814000137,4.1772781649999615,3.809970736999958,0.00002,4.261281972000006,4.186701779000032,3.8194604560001153
