n_rows,ChromaDB - instantiation,ChromaDB - query,ChromaDB - query 1 metadata,ChromaDB - query all (3) metadata,NumpyBasedPolarsVectorStore - instantiation,NumpyBasedPolarsVectorStore - query,NumpyBasedPolarsVectorStore - query 1 metadata,NumpyBasedPolarsVectorStore - query all (3) metadata,PolarsArgPartitionVectorStore - instantiation,PolarsArgPartitionVectorStore - query,PolarsArgPartitionVectorStore - query 1 metadata,PolarsArgPartitionVectorStore - query all (3) metadata,PolarsTopKVectorStore - instantiation,PolarsTopKVectorStore - query,PolarsTopKVectorStore - query 1 metadata,PolarsTopKVectorStore - query all (3) metadata
500,0.37735,0.012106607000077929,0.0262289279999095,0.027626271000144698,0.00002,0.018645240999831003,0.03501285499987716,0.03529032499977802,0.00002,0.01968158099998618,0.020197739000195725,0.02017039400016074,0.00003,0.01908477300003142,0.019493927999974403,0.019553115000007892
1000,0.67414,0.012332408000020223,0.03820027300002948,0.03875568600005863,0.00002,0.032099324000000706,0.06256964899989725,0.06348758799981624,0.00002,0.03576771899997766,0.03518444199994519,0.03457261899984587,0.00003,0.03468486500014478,0.03487869600007798,0.0340003879998676
10000,7.87186,0.013098866000063936,0.25227434199996424,0.2589686399999209,0.00002,0.27692940299994007,0.5788225969999985,0.5598718179999196,0.00003,0.3361354899998332,0.33480622400020366,0.306519562999938,0.00003,0.3354588330000752,0.33427439699994466,0.3036509350001779
50000,45.90882,0.013192493999895305,1.2526012920000085,1.3044328169999062,0.00003,1.3513566189999437,2.887209675000122,2.7907868050001525,0.00003,1.6128743729998405,1.6079045789999782,1.493587275999971,0.00004,1.613506253999958,1.6222520250000798,1.5040241839999453
