n_rows,ChromaDB - instantiation,ChromaDB - query,ChromaDB - query 1 metadata,ChromaDB - query all (3) metadata,NumpyBasedPolarsVectorStore - instantiation,NumpyBasedPolarsVectorStore - query,NumpyBasedPolarsVectorStore - query 1 metadata,NumpyBasedPolarsVectorStore - query all (3) metadata,PolarsArgPartitionVectorStore - instantiation,PolarsArgPartitionVectorStore - query,PolarsArgPartitionVectorStore - query 1 metadata,PolarsArgPartitionVectorStore - query all (3) metadata,PolarsTopKVectorStore - instantiation,PolarsTopKVectorStore - query,PolarsTopKVectorStore - query 1 metadata,PolarsTopKVectorStore - query all (3) metadata
500,0.45023,0.013238993999948434,0.02800536099994133,0.029255776000127298,0.00002,0.03213533399980406,0.06169098999998823,0.06272052400004213,0.00003,0.03505933700012065,0.034881229000120584,0.03424639900003967,0.00003,0.034272995999799605,0.03422777200012206,0.0336545429997841
1000,0.8647,0.01365485099995567,0.03958365700009381,0.03936207999981889,0.00002,0.058224789999940185,0.11771292299999914,0.11670978000006471,0.00003,0.06518020600015006,0.06420108499992239,0.061994315999982064,0.00003,0.06495896599994921,0.06410874200014405,0.06170945500002745
10000,10.90063,0.015425404000097842,0.2669641340000908,0.27092854300008185,0.00003,0.5487851360001059,1.128973834999897,1.1116966209999646,0.00004,0.6542246569999861,0.6390186580001682,0.6056837640001049,0.00004,0.6548066699999708,0.639123606999874,0.6063237939999908
50000,66.14585,0.015296983999860458,1.300306861000081,1.342996046000053,0.00003,2.668645749999996,5.689991021999958,5.473439876999919,0.00004,3.2204784979999204,3.2026417390000006,2.9570112520000293,0.00004,3.216151846999992,3.20465442800014,2.948078574999954
