n_rows,ChromaDB - instantiation,ChromaDB - query,ChromaDB - query 1 metadata,ChromaDB - query all (3) metadata,NumpyBasedPolarsVectorStore - instantiation,NumpyBasedPolarsVectorStore - query,NumpyBasedPolarsVectorStore - query 1 metadata,NumpyBasedPolarsVectorStore - query all (3) metadata,PolarsArgPartitionVectorStore - instantiation,PolarsArgPartitionVectorStore - query,PolarsArgPartitionVectorStore - query 1 metadata,PolarsArgPartitionVectorStore - query all (3) metadata,PolarsTopKVectorStore - instantiation,PolarsTopKVectorStore - query,PolarsTopKVectorStore - query 1 metadata,PolarsTopKVectorStore - query all (3) metadata
500,0.46433,0.013135572999999567,0.02780723599994417,0.02896998200003509,0.00002,0.032009995000180425,0.0629011220000848,0.063299299999926,0.00007,0.03591875600000094,0.03615796100007174,0.03514720800012583,0.00004,0.03522246899979109,0.035270357999934276,0.03451271700009784
1000,0.87661,0.013453715999958149,0.03897723199997927,0.0389724629999364,0.00002,0.058493549000104395,0.1161587189999409,0.11620521199984069,0.00003,0.0664218740000706,0.06480814299993654,0.06230960600009894,0.00003,0.06554724600005102,0.06345833599993966,0.06093852300000435
10000,10.82445,0.014829499000143187,0.25836408000009214,0.26697632399987015,0.00002,0.5431128919999537,1.1322814500001641,1.112878179999825,0.00003,0.6540457819999119,0.6412594400001126,0.6065839400000641,0.00004,0.6539393450000262,0.6392175739999857,0.603878904000112
50000,65.5162,0.015241940000123577,1.2778201969999827,1.3334113799999159,0.00003,2.6693986929999483,5.689987280999958,5.4706138680001,0.00003,3.208693169000071,3.1573429349998605,2.9388593000001038,0.00004,3.19349696900008,3.1928555839999717,2.930950009999833
