n_rows,ChromaDB - instantiation,ChromaDB - query,ChromaDB - query 1 metadata,ChromaDB - query all (3) metadata,NumpyBasedPolarsVectorStore - instantiation,NumpyBasedPolarsVectorStore - query,NumpyBasedPolarsVectorStore - query 1 metadata,NumpyBasedPolarsVectorStore - query all (3) metadata,PolarsArgPartitionVectorStore - instantiation,PolarsArgPartitionVectorStore - query,PolarsArgPartitionVectorStore - query 1 metadata,PolarsArgPartitionVectorStore - query all (3) metadata,PolarsTopKVectorStore - instantiation,PolarsTopKVectorStore - query,PolarsTopKVectorStore - query 1 metadata,PolarsTopKVectorStore - query all (3) metadata
500,0.36804,0.01234867200000167,0.026573229999996784,0.028258489999984704,0.00002,0.020303618000014012,0.03882035400002337,0.03942737099998794,0.00004,0.021767790999973613,0.022778134999981603,0.022260042999988627,0.00003,0.021391405000002806,0.021355156999987912,0.02160893300001021
1000,0.67753,0.012481389000015497,0.03896398999998496,0.03924117099998625,0.00003,0.036445657999991,0.07094701899998768,0.07205796700000633,0.00003,0.03976598299999523,0.04029877499999657,0.03962165699999787,0.00004,0.03938875800000119,0.040420803999978716,0.03990554599999996
10000,7.93449,0.013626302999995232,0.2654218529999923,0.2697710559999962,0.00003,0.31414688500001375,0.6468158549999998,0.6327681539999901,0.00003,0.37356477299999824,0.36482699399999774,0.34239543899997216,0.00004,0.3727232450000315,0.36488416800000323,0.34016739399999096
50000,47.77543,0.014174383000010948,1.2928718199999594,1.3640141029999882,0.00003,1.5381260059999704,3.286975544000029,3.165486589000011,0.00004,1.810363453999969,1.8101248520000013,1.688227616000006,0.00003,1.8002738460000387,1.8080051659999867,1.6886814810000033
