n_rows,ChromaDB - instantiation,ChromaDB - query,ChromaDB - query 1 metadata,ChromaDB - query all (3) metadata,NumpyBasedPolarsVectorStore - instantiation,NumpyBasedPolarsVectorStore - query,NumpyBasedPolarsVectorStore - query 1 metadata,NumpyBasedPolarsVectorStore - query all (3) metadata,PolarsArgPartitionVectorStore - instantiation,PolarsArgPartitionVectorStore - query,PolarsArgPartitionVectorStore - query 1 metadata,PolarsArgPartitionVectorStore - query all (3) metadata,PolarsTopKVectorStore - instantiation,PolarsTopKVectorStore - query,PolarsTopKVectorStore - query 1 metadata,PolarsTopKVectorStore - query all (3) metadata
500,0.30923,0.011454705999994985,0.026081748000024163,0.026959307999959492,0.00002,0.0087166220000654,0.015385157000082472,0.016108108000025823,0.00003,0.009094409999988784,0.009695502999989003,0.010085338000067168,0.00002,0.008400200999972185,0.009108434000040688,0.009279535000018768
1000,0.55639,0.011587424999902396,0.0371548509999684,0.037605122000059055,0.00002,0.014037748999953692,0.025567099999989296,0.026357854000025327,0.00002,0.014590322999993077,0.01533179000000473,0.015604429999939384,0.00002,0.013973450999969828,0.014723330000038004,0.014641025999935664
10000,5.96935,0.011887713000078293,0.25236922199997025,0.2543008490000602,0.00004,0.09763644500003466,0.19579274799991708,0.19404437100001815,0.00003,0.11896777999993446,0.10652313800005686,0.10298387600005299,0.00003,0.11609438200002842,0.1089973400000872,0.1059193480000431
50000,33.24739,0.012180178999983582,1.2954201870001043,1.3402975080000488,0.00003,0.48393652799995834,1.0016223740000214,0.9915640069999654,0.00004,0.5669106200000442,0.5617782749999378,0.5420428400000219,0.00004,0.563633287000016,0.5584136720000288,0.537429354999972
