n_rows,ChromaDB - instantiation,ChromaDB - query,ChromaDB - query 1 metadata,ChromaDB - query all (3) metadata,NumpyBasedPolarsVectorStore - instantiation,NumpyBasedPolarsVectorStore - query,NumpyBasedPolarsVectorStore - query 1 metadata,NumpyBasedPolarsVectorStore - query all (3) metadata,PolarsArgPartitionVectorStore - instantiation,PolarsArgPartitionVectorStore - query,PolarsArgPartitionVectorStore - query 1 metadata,PolarsArgPartitionVectorStore - query all (3) metadata,PolarsTopKVectorStore - instantiation,PolarsTopKVectorStore - query,PolarsTopKVectorStore - query 1 metadata,PolarsTopKVectorStore - query all (3) metadata
500,0.46669,0.013086370999985775,0.027716053999995438,0.029014501999995446,0.00002,0.03596075100000462,0.06972352200000387,0.06991303299997753,0.00003,0.03862906199998406,0.03910301000001937,0.03774261600000273,0.00003,0.038282729999991716,0.03774569200004407,0.03755881400002181
1000,0.87988,0.013534836000019368,0.038891056000011304,0.038906325000027664,0.00002,0.06559503399995492,0.1307345540000142,0.12991501099998004,0.00003,0.07234657500004005,0.07189092499999106,0.06936203199995816,0.00003,0.07190836799998124,0.071198317999972,0.06902154700003393
10000,10.85861,0.015151497000033487,0.25963668500003223,0.263611252999965,0.00003,0.6124434530000258,1.2694023990000005,1.2495200390000036,0.00003,0.7229791999999975,0.7062491480000403,0.6737300890000029,0.00003,0.7215010620000157,0.7080255990000524,0.672661645000062
50000,66.18281,0.015870008999968377,1.2716645730000664,1.338675346000059,0.00004,3.0155638060000456,6.317525751000062,6.171345590999977,0.00003,3.536066181000024,3.534966360999988,3.278500660000077,0.00004,3.541925123999931,3.5139601419999735,3.273243887000035
